{
    "software_config": {
        "Rscriptbin": "/usr/bin", 
        "pythonbin": "/opt/conda/envs/app/bin", 
        "perlbin": "/opt/conda/envs/app/bin",
        "javabin": "/usr/bin",
        "bowtie2bin": "/opt/conda/envs/app/bin", 
        "samtoolsbin": "/opt/conda/envs/app/bin", 
        "macs2bin": "/opt/conda/envs/app/bin", 
        "memebin": "/opt/conda/envs/meme/bin", 
        "bedopsbin": "/opt/conda/envs/app/bin", 
        "bedtoolsbin": "/opt/conda/envs/app/bin", 
        "path_deeptools": "/opt/conda/envs/app/bin",
        "path_parallel": "/opt/conda/envs/app/bin", 
        "path_tabix": "/opt/conda/envs/app/bin",
        "bt2idx": "/data/cqs/references/gencode/GRCh38.p13/bowtie2_index_2.4.3.genome", 
        "genome_sequence": "/data/cqs/references/gencode/GRCh38.p13/GRCh38.primary_assembly.genome.fa", 
        "spike_in_bt2idx": "", 
        "spike_in_sequence": "", 
        "extratoolsbin": "/opt/CUT-RUNTools-2.0/install", 
        "extrasettings": "/opt/CUT-RUNTools-2.0/install",
        "kseqbin": "/opt/CUT-RUNTools-2.0/install", 
        "adapterpath": "/opt/CUT-RUNTools-2.0/adapters", 
        "trimmomaticbin": "/opt/CUT-RUNTools-2.0/install", 
        "picardbin": "/opt/CUT-RUNTools-2.0/install", 
        "bdg2bwbin": "/opt/CUT-RUNTools-2.0/install", 
        "picardjarfile": "picard-2.8.0.jar", 
        "trimmomaticjarfile": "trimmomatic-0.36.jar", 
        "makecutmatrixbin": "/opt/conda/envs/app/bin"
    }, 
    "input_output": {
        "fastq_directory": "INPUT_FASTQ_DIRECTORY", 
        "workdir": "INPUT_WORKDIR", 
        "fastq_sequence_length": "42", 
        "organism_build": "hg38",
        "spike_in": "FALSE",
        "spike_in_norm": "FALSE",
        "spikein_scale": "10000",
        "frag_120": "TRUE",
        "peak_caller": "macs2",
        "dup_peak_calling": "FALSE",
        "cores": "8",
        "experiment_type": "CUT&RUN",
        "adaptor_type":"Truseq"
    }, 
    "motif_finding": {
        "num_bp_from_summit": "100", 
        "num_peaks": "1000", 
        "total_peaks": "2000", 
        "motif_scanning_pval": "0.0005", 
        "num_motifs": "10"
    }
}
